domain,AC103,AC161,AC221,AC229,AC248,AC266,AC286,AC306,AC315,AC369,AC433,AC435,AC449,AC451,AC463,AC464,AC507,AC561,AC630,AC690,AC732,AC754,AC759,AC761,AC83,AC832,AC854,AC861,AC872
Alanine_biosynthesis ,5,6,5,5,4,6,5,3,8,4,5,4,4,7,4,4,5,6,8,4,7,2,7,3,4,5,3,6,3
Arginine_Biosynthesis_extended ,9,8,9,9,6,6,9,6,9,9,6,7,7,8,11,2,6,11,7,6,7,2,6,9,10,6,6,8,7
Arginine_Deiminase_Pathway ,0,0,1,1,0,0,1,0,0,0,0,0,0,0,1,1,0,0,0,0,1,0,0,2,1,0,0,1,0
Arginine_and_Ornithine_Degradation ,4,6,13,16,1,8,16,6,3,11,1,3,3,2,17,0,3,1,2,1,0,0,4,1,15,2,1,1,1
Aromatic_amino_acid_degradation ,16,3,2,2,1,3,2,2,3,3,1,1,0,2,7,1,1,3,5,0,2,1,0,0,3,0,1,4,0
Aromatic_amino_acid_interconversions_wit* ,8,2,1,1,1,0,1,3,0,1,0,0,0,0,0,0,0,1,0,0,1,0,0,0,0,0,1,0,0
Branched-Chain_Amino_Acid_Biosynthesis ,22,10,12,10,9,12,11,11,12,9,14,8,8,8,13,8,10,19,8,12,11,0,8,8,12,10,11,12,8
Chorismate:_Intermediate_for_synthesis_o* ,7,3,5,5,5,7,5,5,4,4,3,3,4,3,6,2,3,5,3,6,4,3,3,4,8,5,3,3,3
Chorismate_Synthesis ,8,5,7,7,6,6,7,6,5,9,6,5,6,5,9,5,5,5,7,6,8,4,5,4,9,6,6,7,4
Cyanophycin_Metabolism ,2,5,1,1,1,0,1,4,0,1,0,0,0,1,1,4,1,0,1,0,0,2,1,0,1,0,0,0,0
Cysteine_Biosynthesis ,17,18,17,17,4,11,17,14,17,18,15,8,12,5,20,6,9,10,5,13,11,7,6,10,19,14,4,10,10
"Glutamine,_Glutamate,_Aspartate_and_Aspa* ",21,9,22,21,8,20,22,13,18,22,13,10,8,9,28,13,8,12,9,13,7,10,6,9,23,12,10,12,10
Glycine_and_Serine_Utilization ,1,2,1,1,2,2,1,2,1,1,1,1,1,1,1,3,2,1,1,1,1,3,1,2,1,1,2,1,2
Glycine_cleavage_system ,3,5,5,6,3,5,5,5,2,6,5,4,5,4,5,3,5,3,3,5,3,5,3,4,7,4,3,4,4
HMG_CoA_Synthesis ,7,6,7,7,5,7,7,7,0,8,0,4,4,0,8,2,4,7,0,0,6,3,0,0,8,0,5,4,0
Histidine_Biosynthesis ,10,9,8,8,5,8,8,10,7,8,7,9,8,8,11,4,4,9,10,8,9,4,8,0,8,8,4,9,0
Histidine_Degradation ,6,7,6,7,6,5,7,6,1,0,1,1,1,0,7,1,7,4,6,1,0,4,8,4,7,1,6,0,4
Isoleucine_degradation ,5,1,0,1,1,2,0,1,0,0,0,0,0,0,2,2,0,0,0,0,2,1,1,0,1,0,1,3,0
Ketoisovalerate_oxidoreductase ,0,0,0,0,0,0,0,0,0,0,0,0,0,0,0,0,0,0,0,0,0,0,0,0,0,0,0,1,0
L-2-amino-thiazoline-4-carboxylic_acid-L* ,0,0,0,0,0,0,0,0,0,0,0,0,0,0,1,0,0,1,0,0,0,0,0,0,0,0,0,0,0
Lysine_Biosynthesis_DAP_Pathway ,5,6,7,7,3,9,7,6,6,8,5,6,6,5,8,6,6,8,5,5,5,5,5,8,7,6,3,5,8
Lysine_degradation ,2,2,2,3,3,3,3,1,1,4,1,0,0,0,5,0,0,1,3,1,4,0,0,0,3,1,0,1,0
Methionine_Biosynthesis ,18,9,12,12,8,17,12,9,15,12,9,7,6,10,11,7,5,17,13,11,13,7,5,6,10,12,9,7,6
Methionine_Degradation ,6,3,6,6,7,10,6,3,5,5,3,6,3,11,10,2,4,10,7,3,5,5,7,5,8,5,6,6,6
Methionine_Salvage ,2,1,4,5,3,10,4,0,1,1,1,1,1,1,3,0,1,4,2,1,2,2,1,1,4,1,3,1,1
Phenylalanine_and_Tyrosine_Branches_from* ,4,2,2,2,2,5,2,1,5,3,5,4,4,4,5,2,4,5,6,5,4,2,4,3,5,5,1,6,3
Polyamine_Metabolism ,4,2,31,31,9,9,28,2,9,10,12,3,2,9,15,2,1,16,5,10,5,4,5,6,20,8,8,3,4
"Proline,_4-hydroxyproline_uptake_and_uti* ",8,1,9,8,3,8,8,4,8,12,1,7,3,1,9,3,1,1,3,1,4,2,2,3,8,0,1,2,3
Proline_Synthesis ,2,2,2,2,3,4,2,2,2,3,2,2,2,3,3,2,2,2,2,2,2,2,2,1,4,3,2,2,1
Serine_Biosynthesis ,2,2,4,4,2,0,4,2,1,3,1,1,2,1,5,0,0,1,4,1,3,1,3,2,4,1,2,3,2
Threonine_and_Homoserine_Biosynthesis ,1,1,1,1,1,1,1,1,1,1,1,1,1,1,2,1,1,1,1,1,1,0,1,1,1,1,1,1,1
Threonine_degradation ,5,6,3,3,1,1,3,4,7,4,5,3,3,8,2,2,3,7,9,6,8,3,3,3,3,6,2,7,4
Tryptophan_synthesis ,1,1,1,1,1,1,1,1,1,1,1,1,1,1,2,1,1,1,1,1,1,1,1,1,1,1,1,1,1
Urea_decomposition ,21,8,23,20,0,1,23,14,22,11,16,0,0,6,21,0,0,12,11,20,6,8,0,9,17,29,0,11,9
Valine_degradation ,2,6,0,0,4,5,0,2,3,0,2,3,4,4,4,2,4,1,4,2,4,2,3,4,4,2,4,6,4
2-Ketogluconate_Utilization ,3,0,0,0,0,0,0,0,0,0,0,0,0,0,5,0,0,0,0,0,0,0,0,0,5,0,0,0,0
2-methylcitrate_to_2-methylaconitate_met* ,0,0,0,0,0,0,0,0,0,1,0,0,0,0,0,0,0,0,0,0,0,0,0,0,0,0,0,0,0
"Acetoin,_butanediol_metabolism ",2,0,0,2,0,6,0,2,0,0,0,0,0,0,0,0,0,0,0,0,0,0,0,4,0,0,0,9,4
Acetyl-CoA_fermentation_to_Butyrate ,7,4,5,7,5,5,5,4,7,7,7,4,4,1,8,2,4,5,2,5,2,2,0,1,5,5,5,3,1
Alpha-acetolactate_operon ,0,0,0,0,0,2,0,0,0,0,0,0,0,0,0,0,0,0,0,0,0,0,0,9,0,0,0,0,5
Beta-Glucoside_Metabolism ,0,1,0,0,0,16,0,1,1,0,0,1,0,0,1,2,0,0,4,0,1,1,0,2,1,0,1,0,2
Butanol_Biosynthesis ,33,8,4,18,4,4,5,6,7,0,5,8,5,4,5,5,4,34,3,5,19,9,1,2,2,5,2,19,1
"CO2_uptake,_carboxysome ",1,2,0,0,0,0,0,1,2,0,1,0,1,1,0,0,0,0,0,1,0,0,0,0,0,1,0,0,0
Calvin-Benson_cycle ,0,0,0,0,0,0,0,0,1,0,1,0,0,0,0,0,0,0,0,1,0,0,0,0,0,1,0,0,0
Carboxysome ,1,1,3,3,1,3,3,1,2,3,1,0,1,2,1,1,0,0,2,1,2,2,3,1,1,1,1,3,1
Chitin_and_N-acetylglucosamine_utilizati* ,1,4,1,2,7,11,1,7,0,0,1,2,1,2,1,9,0,0,9,2,7,4,2,0,2,1,6,0,0
D-Galacturonate_and_D-Glucuronate_Utiliz* ,4,6,2,2,2,2,2,25,2,8,1,7,10,2,3,16,9,1,4,1,1,12,1,1,2,0,3,0,6
D-Sorbitol(D-Glucitol)_and_L-Sorbose_Uti* ,0,0,0,0,0,0,0,0,0,0,0,0,0,0,0,0,0,0,0,0,0,0,0,0,0,0,0,0,0
D-Tagatose_and_Galactitol_Utilization ,0,0,0,0,0,0,0,0,0,0,0,1,1,0,1,1,0,0,1,0,1,1,0,1,0,0,0,0,2
"D-galactarate,_D-glucarate_and_D-glycera* ",7,8,11,11,0,18,11,7,3,11,5,2,2,2,13,2,2,5,5,2,5,0,1,2,10,2,0,5,2
D-galactonate_catabolism ,3,0,0,0,0,0,0,4,3,4,0,2,3,0,5,0,1,0,1,0,0,0,0,0,5,0,3,0,0
D-gluconate_and_ketogluconates_metabolism ,6,3,2,2,0,2,2,3,1,4,0,1,2,1,16,1,1,5,3,0,0,0,3,2,6,0,5,2,2
D-ribose_utilization ,1,0,0,0,0,1,0,0,0,1,0,0,0,2,1,0,0,0,1,0,1,0,0,2,1,0,0,0,2
Deoxyribose_and_Deoxynucleoside_Cataboli* ,5,6,4,4,4,9,4,10,5,4,5,0,1,4,4,4,1,2,7,5,8,6,5,6,4,6,5,5,6
Di-Inositol-Phosphate_biosynthesis ,2,1,1,1,1,1,1,1,3,2,3,3,3,1,1,1,1,2,2,3,2,0,2,1,1,2,1,2,1
Dihydroxyacetone_kinases ,0,0,0,0,0,2,0,0,1,0,0,0,0,4,0,0,0,1,3,0,3,0,5,3,0,0,0,1,3
Entner-Doudoroff_Pathway ,13,12,12,14,7,8,11,9,16,16,10,15,15,13,17,6,3,13,11,11,11,4,6,6,14,9,7,17,7
Erythritol_utilization ,1,0,0,0,0,0,0,0,0,0,0,0,0,1,0,0,0,0,0,0,0,0,0,0,0,0,0,0,0
Ethanolamine_utilization ,3,2,4,4,0,0,4,2,2,3,2,0,0,0,5,0,0,2,0,3,3,0,0,0,5,3,0,4,0
Fermentations:_Mixed_acid ,7,6,7,10,6,8,8,6,7,12,5,6,7,6,10,5,5,9,11,6,12,4,5,5,4,7,4,12,6
Formaldehyde_assimilation:_Ribulose_mono* ,0,0,0,0,0,0,0,0,2,0,2,0,0,2,0,0,0,0,0,2,1,0,1,1,0,2,0,0,3
Fructooligosaccharides(FOS)_and_Raffinos* ,1,5,0,1,3,2,0,13,0,0,0,7,7,13,2,4,2,0,6,0,3,4,6,0,0,0,4,1,0
Fructose_utilization ,7,5,1,1,2,4,1,5,1,3,1,5,5,5,3,2,2,4,8,1,6,2,6,6,3,1,2,6,6
Glycerol_and_Glycerol-3-phosphate_Uptake* ,10,4,7,7,4,10,7,8,6,8,7,4,3,6,10,10,4,10,10,9,10,3,7,6,10,4,5,9,6
Glycogen_metabolism ,4,0,2,2,0,4,2,3,3,2,3,4,4,4,2,4,1,4,3,3,5,3,3,0,2,3,3,4,0
"Glycolate,_glyoxylate_interconversions ",0,0,0,0,0,1,0,1,2,2,1,1,1,0,0,1,1,0,0,1,1,1,0,2,0,1,0,0,3
Glycolysis_and_Gluconeogenesis ,15,16,12,13,15,14,12,12,15,14,12,11,11,17,12,16,10,11,17,14,13,11,17,13,13,13,12,15,16
"Glycolysis_and_Gluconeogenesis,_includin* ",0,0,0,0,0,0,0,0,0,0,0,0,0,1,0,0,0,0,0,0,0,0,0,0,0,0,0,0,0
Hexose_Phosphate_Uptake_System ,0,1,0,0,0,0,0,0,1,0,0,1,3,0,0,1,4,0,0,0,0,1,0,0,0,0,0,0,0
Inositol_catabolism ,0,2,1,0,0,2,0,1,1,0,0,1,1,13,10,2,0,0,24,0,7,0,5,0,1,0,0,19,0
Isobutyryl-CoA_to_Propionyl-CoA_Module ,5,0,3,3,4,3,3,0,4,1,2,4,4,0,6,0,4,3,0,1,0,0,0,0,6,1,4,5,0
L-Arabinose_utilization ,8,3,0,0,0,0,0,10,2,1,0,4,2,5,4,6,3,0,1,0,3,0,3,0,3,0,1,3,0
L-fucose_utilization ,0,0,0,0,0,0,0,3,0,0,0,1,3,1,0,6,0,0,4,0,1,1,0,0,0,0,0,0,0
L-fucose_utilization_temp ,2,1,0,0,0,0,0,5,1,1,0,2,3,4,0,1,0,4,4,0,3,0,0,0,0,0,0,0,0
L-rhamnose_utilization ,1,1,0,0,3,1,0,12,1,1,1,0,0,20,2,14,4,1,10,1,8,12,8,0,1,0,3,8,0
Lactate_utilization ,1,1,3,3,3,3,3,1,3,3,3,1,0,0,3,2,0,3,1,3,2,0,0,2,6,2,1,3,2
Lacto-N-Biose_I_and_Galacto-N-Biose_Meta* ,2,1,7,6,4,4,6,3,6,3,3,4,2,4,7,2,2,7,6,4,10,4,4,1,8,3,2,8,1
Lactose_and_Galactose_Uptake_and_Utiliza* ,0,2,0,0,0,1,0,0,0,0,0,0,0,2,0,1,0,0,2,0,2,0,2,5,0,0,0,2,6
Lactose_utilization ,0,3,1,0,0,1,0,18,2,0,0,6,1,16,1,13,0,0,9,0,3,2,6,0,0,1,2,2,0
Malonate_decarboxylase ,6,6,0,0,5,0,0,1,8,7,8,0,8,0,7,0,0,0,0,8,0,0,0,0,7,6,5,0,0
Maltose_and_Maltodextrin_Utilization ,9,11,6,7,6,10,7,12,7,8,7,10,14,11,9,16,9,6,12,7,11,6,8,5,8,8,9,7,6
Mannitol_Utilization ,0,0,2,2,0,0,2,0,1,2,0,0,0,2,1,0,0,0,1,1,0,0,3,3,1,1,0,2,3
Mannose_Metabolism ,1,6,0,0,8,1,0,2,1,1,2,8,13,7,1,14,1,2,6,2,4,6,5,3,4,1,8,5,1
Methanogenesis ,0,0,0,0,0,0,0,0,5,0,5,0,0,0,0,0,0,0,0,5,0,0,0,0,0,5,0,0,0
Methylcitrate_cycle ,0,1,0,0,1,0,0,0,0,0,0,0,0,0,0,0,0,0,0,0,0,0,0,0,0,0,1,0,0
Methylglyoxal_Metabolism ,1,0,2,2,2,1,2,3,0,1,0,0,0,0,2,1,0,0,0,0,0,1,0,2,1,0,2,1,3
N-Acetyl-Galactosamine_and_Galactosamine* ,0,4,0,0,1,0,0,2,0,0,0,0,0,1,0,0,0,0,2,0,0,0,0,1,0,0,2,1,1
One-carbon_metabolism_by_tetrahydropteri* ,1,1,2,2,1,0,2,1,0,3,0,0,0,1,3,1,1,0,2,0,1,0,2,0,2,0,1,2,0
Pentose_phosphate_pathway ,4,2,2,2,3,3,2,3,7,4,3,3,4,5,6,4,2,3,5,5,4,3,6,3,5,3,3,5,7
Photorespiration_(oxidative_C2_cycle) ,9,6,4,4,5,2,4,6,10,7,8,3,3,3,4,1,3,10,4,10,4,4,1,1,7,9,3,3,1
Predicted_carbohydrate_hydrolases ,2,1,0,0,2,6,0,2,2,0,2,0,0,0,0,5,1,3,0,3,1,3,0,0,0,1,1,0,0
Propanediol_utilization ,0,0,0,0,0,0,0,0,0,0,0,0,0,0,0,0,0,0,0,0,4,0,0,0,0,0,0,0,0
Propionate-CoA_to_Succinate_Module ,3,2,3,2,4,3,3,1,0,2,0,0,0,3,3,0,0,4,3,0,0,0,3,0,3,0,3,0,0
Propionyl-CoA_to_Succinyl-CoA_Module ,4,0,0,0,0,0,0,3,3,0,2,4,5,0,1,3,2,0,0,2,1,0,0,0,2,2,0,1,0
Pyruvate_Alanine_Serine_Interconversions ,4,1,5,5,2,10,5,2,3,3,2,2,1,2,4,1,1,3,3,2,2,1,2,8,3,2,2,2,7
Pyruvate_metabolism_I:_anaplerotic_react* ,3,3,2,2,1,6,2,3,2,2,4,3,3,1,2,3,2,3,2,4,4,2,0,2,2,2,1,2,2
"Pyruvate_metabolism_II:_acetyl-CoA,_acet* ",4,4,2,3,1,6,2,3,9,3,5,4,4,1,2,3,3,8,3,6,2,3,1,7,2,4,1,4,8
"Ribitol,_Xylitol,_Arabitol,_Mannitol_and* ",4,0,1,1,0,1,2,0,0,1,0,1,1,0,3,1,0,0,3,0,1,0,0,1,1,0,1,1,2
Serine-glyoxylate_cycle ,2,2,3,3,1,4,3,2,4,3,5,2,2,1,3,1,2,4,2,5,2,4,0,0,3,4,1,3,0
Sucrose_utilization ,0,0,0,0,0,0,0,2,0,0,0,0,1,1,0,0,0,0,1,0,0,0,0,5,0,0,0,0,2
TCA_Cycle ,19,14,15,14,15,14,16,14,16,16,15,13,14,9,16,12,11,16,12,14,12,12,8,13,15,15,15,11,13
Trehalose_Biosynthesis ,5,3,2,2,2,0,2,3,5,3,5,4,3,5,3,3,2,5,5,5,5,0,5,0,2,5,3,4,0
Trehalose_Uptake_and_Utilization ,0,0,0,0,1,3,0,0,0,0,0,2,1,1,0,1,0,0,1,0,0,1,1,3,2,0,1,2,3
Unknown_sugar_utilization_(cluster_yphAB* ,0,0,0,0,0,0,0,0,0,0,1,0,0,1,0,0,0,1,1,1,0,0,0,0,0,0,0,0,0
Xylose_utilization ,4,4,1,1,4,0,1,14,2,1,0,11,5,10,5,3,3,1,6,0,5,3,6,1,3,0,4,1,1
Bacterial_Cytoskeleton ,1,2,2,2,2,1,2,1,1,3,1,0,0,0,2,0,1,0,0,1,0,0,0,0,2,1,2,0,0
Control_of_cell_elongation_-_division_cy* ,0,0,0,0,0,4,0,0,0,0,0,0,0,0,0,0,0,0,0,0,0,0,0,4,0,0,0,0,4
Cyanobacterial_Circadian_Clock ,1,3,3,3,1,0,3,1,3,1,3,2,1,0,2,0,0,2,1,3,1,0,0,1,2,2,0,0,0
Macromolecular_synthesis_operon ,1,1,0,0,1,1,0,1,1,0,1,1,1,0,0,1,0,1,1,1,1,1,0,0,0,1,1,0,0
Two_cell_division_clusters_relating_to_c* ,3,3,3,3,3,5,3,4,1,3,1,3,3,3,3,3,3,5,3,1,3,0,3,5,3,0,3,3,5
Alginate_metabolism ,3,0,5,5,5,0,5,1,1,1,1,0,0,0,6,0,0,1,0,0,0,0,0,0,4,0,2,0,0
CMP-N-acetylneuraminate_Biosynthesis ,0,0,1,0,1,2,0,1,0,2,0,2,1,0,0,0,0,1,2,0,1,1,0,1,0,0,0,0,1
Capsular_Polysaccharide_(CPS)_of_Campylo* ,0,0,0,0,0,0,0,0,3,0,2,0,0,0,0,0,1,2,0,2,0,0,0,0,0,0,0,0,0
Capsular_heptose_biosynthesis ,0,0,0,0,0,0,0,3,1,0,1,0,0,1,0,0,1,0,0,1,1,0,0,0,0,1,0,0,0
Colanic_acid_biosynthesis ,2,3,0,0,2,0,0,3,4,3,2,0,0,3,0,6,0,2,2,2,0,2,0,0,3,0,0,3,0
KDO2-Lipid_A_biosynthesis ,11,11,12,13,11,2,13,14,10,11,9,1,1,0,12,11,9,11,1,10,0,10,0,1,12,12,11,0,0
LOS_core_oligosaccharide_biosynthesis ,0,4,2,2,1,1,2,2,0,3,0,0,0,1,3,0,3,3,1,0,0,2,0,0,2,0,1,0,0
Lipid_A-Ara4N_pathway_(_Polymyxin_resist* ,0,0,0,0,0,0,0,0,0,1,0,0,0,0,1,0,0,1,0,0,1,0,0,0,0,0,0,0,0
Lipid_A_modifications ,1,1,1,1,2,0,1,0,0,2,1,0,0,0,4,0,0,0,0,1,0,0,0,0,4,1,3,0,0
Lipopolysaccharide-related_cluster_in_Al* ,0,0,0,0,0,0,0,0,3,0,3,1,1,0,0,0,3,0,0,3,0,0,0,0,0,3,0,0,0
Peptidoglycan_Biosynthesis ,24,19,17,17,19,37,17,18,25,17,24,18,22,20,21,16,14,17,18,26,17,17,15,14,17,23,17,12,15
Phosphorylcholine_incorporation_in_LPS ,0,0,0,0,0,0,0,0,0,0,0,0,0,0,0,0,0,0,0,1,0,0,0,0,0,4,0,0,0
Pseudaminic_Acid_Biosynthesis ,0,0,0,0,0,1,0,0,0,1,0,0,0,0,0,0,0,0,0,0,0,0,0,0,3,0,0,0,0
Rhamnose_containing_glycans ,0,1,0,0,0,1,1,3,8,1,3,1,2,1,0,4,2,2,2,0,3,2,2,3,1,5,0,1,3
Serotype_determining_Capsular_polysaccha* ,0,0,0,0,0,0,0,0,0,0,0,0,0,0,0,1,0,0,0,0,0,0,1,0,0,0,0,0,0
Sialic_Acid_Metabolism ,8,2,2,2,4,4,2,3,1,5,1,2,2,3,3,8,1,1,4,1,4,0,6,3,3,1,3,5,3
Teichoic_and_lipoteichoic_acids_biosynth* ,0,1,0,0,0,2,0,0,0,2,2,0,0,1,0,1,1,1,2,2,0,0,0,13,1,0,1,0,13
Teichuronic_acid_biosynthesis ,0,0,0,0,0,0,0,0,0,0,0,0,0,0,0,0,0,0,0,0,0,1,0,0,0,0,0,0,0
UDP-N-acetylmuramate_from_Fructose-6-pho* ,0,2,0,0,1,1,0,2,0,0,0,1,1,0,1,1,0,0,3,0,0,0,0,1,1,0,1,0,1
Xanthan_Exopolysaccharide_Biosynthesis_a* ,0,0,0,0,0,0,0,0,0,0,0,0,0,0,0,0,0,0,1,0,1,0,0,0,0,0,0,0,0
YjeE ,0,0,0,0,0,0,0,0,0,0,0,0,0,0,0,0,0,0,0,0,0,1,0,0,0,0,0,0,0
dTDP-rhamnose_synthesis ,1,0,1,1,2,0,2,1,2,1,1,2,0,0,1,0,1,1,2,1,0,1,1,0,1,1,0,1,0
linker_unit-arabinogalactan_synthesis ,5,6,7,7,5,6,8,6,5,6,9,9,0,5,6,6,5,7,7,7,4,7,4,0,7,10,4,6,0
mycolic_acid_synthesis ,11,5,7,8,6,11,7,7,9,7,9,8,6,3,9,5,4,13,3,9,5,10,3,4,9,8,6,6,4
Bacterial_Cell_Division ,17,14,13,13,14,16,13,15,12,14,11,11,10,6,13,11,10,13,8,13,6,10,6,8,14,12,13,6,8
Bacterial_RNA-metabolizing_Zn-dependent_* ,0,0,0,0,0,1,0,0,0,1,0,0,0,0,0,2,0,0,0,0,0,0,0,1,0,0,0,0,1
CBSS-261594.1.peg.2640 ,0,0,0,0,0,1,0,0,0,0,0,0,0,0,0,0,0,0,0,0,0,0,0,0,0,0,0,0,0
CBSS-262719.3.peg.410 ,2,2,2,2,2,2,2,2,3,3,2,2,2,2,2,2,2,2,2,2,2,2,2,3,2,3,2,2,3
CBSS-343509.6.peg.2644 ,0,0,0,0,0,0,0,1,1,0,2,0,0,0,0,0,0,0,0,2,0,0,0,0,0,0,0,0,0
CBSS-562.2.peg.5158_SK3_including ,0,1,1,1,1,0,1,0,0,0,0,0,0,0,1,0,0,0,0,0,0,0,0,0,1,0,0,0,0
Cluster-based_Subsystem_Grouping_Hypothe* ,2,2,2,2,2,0,2,3,2,4,2,2,2,5,2,4,2,2,11,2,12,2,5,0,2,2,2,11,0
Conenzyme_B12_related_Hypothetical:_Clus* ,0,0,0,0,0,0,0,0,1,0,1,1,1,0,0,0,1,0,0,1,0,0,0,0,0,1,0,0,0
Conserved_gene_cluster_associated_with_M* ,10,10,7,7,8,11,8,10,7,7,7,8,6,11,7,5,6,8,7,7,10,6,8,11,8,7,9,7,11
LMPTP_YfkJ_cluster ,1,0,1,1,0,3,1,2,0,1,0,0,0,1,1,1,1,0,1,0,2,1,1,3,1,1,0,1,3
LMPTP_YwlE_cluster ,1,1,1,1,1,1,1,1,1,1,1,1,1,1,1,1,1,1,1,1,1,1,1,1,1,1,1,1,1
NusA-TFII_Cluster ,1,1,1,1,1,2,1,1,1,1,1,1,1,1,1,1,1,1,2,1,2,1,1,1,1,1,1,2,1
PA0057_cluster ,2,0,0,0,1,4,0,2,0,5,0,0,0,0,1,0,0,0,0,2,0,0,0,0,1,0,0,0,0
Putative_hemin_transporter ,0,0,0,0,0,1,0,1,1,0,0,0,0,0,0,0,0,0,0,0,0,1,0,1,0,0,0,0,1
Putative_sulfate_assimilation_cluster ,3,0,2,2,0,0,1,0,1,1,1,0,0,1,1,0,0,1,1,1,0,0,1,0,1,1,0,0,0
Spore_Coat ,0,0,0,0,0,8,0,0,0,0,0,0,0,0,0,0,0,0,0,0,0,0,0,0,0,0,0,0,0
"Type_III_secretion_systems,_extended ",0,0,0,0,0,0,0,2,0,7,0,5,0,0,9,0,0,0,0,0,0,0,0,0,0,0,4,0,0
YeiH ,0,0,0,0,0,2,0,0,2,0,2,0,0,1,0,1,1,3,1,1,0,1,1,2,0,4,0,0,2
Biotin_biosynthesis ,39,9,13,17,6,15,15,13,12,9,7,11,14,8,13,2,4,11,7,6,25,7,6,3,10,8,5,29,3
Chlorophyll_Biosynthesis ,14,0,0,0,0,0,0,0,14,0,14,0,0,0,0,0,0,14,0,14,0,0,0,0,0,14,0,0,0
Cobalamin_synthesis ,1,1,1,1,0,0,1,0,1,1,1,0,1,0,1,0,0,0,0,1,1,0,0,0,1,1,0,1,0
Coenzyme_A_Biosynthesis ,9,5,8,8,8,11,8,7,7,7,9,5,5,7,7,6,6,15,7,9,7,6,3,8,7,7,7,7,8
Coenzyme_B12_biosynthesis ,17,14,12,12,4,3,12,10,13,12,14,9,15,2,13,1,11,4,2,13,7,4,1,0,12,13,4,8,0
Coenzyme_F420_synthesis ,0,0,0,0,0,0,0,0,0,0,0,0,0,2,0,0,0,2,3,0,2,0,0,0,0,0,0,2,0
Coenzyme_PQQ_synthesis ,0,0,0,0,0,0,0,0,0,0,0,0,0,0,0,0,0,1,0,0,0,0,0,0,0,0,0,0,0
Experimental_tye ,1,1,1,1,2,13,1,1,1,1,1,1,1,5,1,0,0,1,6,2,6,2,5,11,1,1,3,5,11
Flavodoxin ,4,1,2,2,3,4,2,0,1,3,0,0,1,1,3,0,0,0,0,1,0,1,1,0,1,0,2,1,2
Folate_Biosynthesis ,13,13,14,14,15,17,14,13,15,15,15,14,16,21,18,15,13,12,21,15,14,16,16,20,14,14,19,18,18
Heme_and_Siroheme_Biosynthesis ,7,8,9,9,9,8,9,8,9,10,9,8,8,7,10,7,8,11,5,9,5,8,5,7,9,9,9,5,7
Lipoic_acid_metabolism ,2,2,2,2,2,1,2,2,1,2,1,1,1,2,3,1,1,1,2,1,1,1,1,1,3,1,2,1,1
Menaquinone_and_Phylloquinone_Biosynthes* ,0,0,0,0,0,5,0,0,0,0,0,0,0,3,0,0,0,0,3,0,3,3,3,4,0,0,0,3,4
Molybdenum_cofactor_biosynthesis ,2,1,1,1,0,2,1,0,2,1,4,2,1,1,1,0,0,3,4,4,1,0,1,2,1,5,0,3,2
NAD_and_NADP_cofactor_biosynthesis_global ,6,3,3,3,5,3,3,2,2,4,2,2,2,6,5,2,1,3,5,2,5,1,4,1,4,2,4,4,1
NAD_regulation ,13,8,8,8,7,12,8,7,9,9,8,5,6,8,11,8,7,3,11,8,7,11,5,4,10,8,5,10,4
Plastoquinone_Biosynthesis ,2,1,2,2,1,1,2,1,0,2,0,1,1,0,3,1,1,1,3,0,1,1,0,0,2,0,2,0,0
PnuC-like_transporters ,1,0,0,0,2,3,0,0,0,1,0,0,2,1,1,2,0,0,0,0,0,2,1,2,1,0,2,0,2
Pterin_biosynthesis ,2,0,2,2,3,1,2,0,3,2,1,2,2,1,3,0,2,3,1,1,2,0,0,0,2,1,3,0,0
Pyridoxin_(Vitamin_B6)_Biosynthesis ,12,9,11,11,6,2,11,6,16,22,14,7,8,10,13,8,6,29,13,14,8,7,7,1,12,9,7,7,2
Pyrroloquinoline_Quinone_biosynthesis ,0,3,1,1,0,1,1,0,5,1,5,0,0,0,6,0,1,3,0,5,0,0,0,0,6,6,0,0,0
"Riboflavin,_FMN_and_FAD_metabolism ",1,3,2,2,1,2,2,1,1,2,1,1,1,1,2,1,2,1,3,1,1,4,1,2,2,1,1,1,2
Thiamin_biosynthesis ,25,5,8,8,4,14,8,8,7,5,5,4,4,13,6,5,5,9,9,8,8,8,5,8,8,7,5,11,9
Ubiquinone_Biosynthesis ,2,3,4,3,2,0,3,6,3,3,3,2,1,2,4,0,3,2,1,1,1,2,0,0,3,4,1,1,0
p-Aminobenzoyl-Glutamate_Utilization ,0,0,0,0,0,0,0,0,1,0,0,0,0,0,0,0,1,1,1,0,0,0,1,1,0,0,0,0,1
2-phosphoglycolate_salvage ,5,4,4,4,3,1,4,3,3,5,3,2,3,2,6,0,3,1,1,3,3,0,1,2,5,3,3,1,2
CRISPRs ,0,0,0,0,0,0,0,0,0,0,0,0,0,0,0,0,0,0,0,0,0,2,0,3,0,0,0,0,0
DNA-replication ,12,16,13,13,13,15,14,10,12,14,12,14,10,11,13,10,10,14,15,12,13,10,9,9,13,13,13,11,9
DNA_Helicase_of_Unknown_Function ,0,0,0,0,0,0,0,0,0,0,0,0,0,0,0,0,0,0,0,0,0,0,0,0,0,0,0,1,0
DNA_Repair_Base_Excision ,19,12,14,14,13,9,14,15,14,11,10,9,8,14,13,10,10,14,23,12,19,10,12,7,13,11,13,16,7
"DNA_repair,_UvrABC_system ",5,4,3,3,4,3,3,6,3,3,3,3,3,5,4,5,3,3,5,3,6,5,4,4,4,3,5,6,4
"DNA_repair,_bacterial ",19,16,14,14,14,13,15,20,11,15,12,14,15,15,14,13,13,15,14,11,17,12,14,10,14,13,15,19,10
"DNA_repair,_bacterial_DinG_and_relatives ",2,2,2,2,2,2,2,2,0,2,0,1,1,0,2,0,1,1,1,0,0,0,0,1,2,0,2,1,1
"DNA_repair,_bacterial_MutL-MutS_system ",2,2,2,2,2,4,2,2,2,2,2,2,2,0,2,4,3,2,0,2,0,4,0,4,2,2,2,0,5
"DNA_repair,_bacterial_RecFOR_pathway ",5,5,5,5,5,5,5,5,5,5,5,5,5,6,5,5,5,5,5,5,7,8,7,5,5,5,6,6,6
"DNA_repair,_bacterial_UvrD_and_related_h* ",3,3,2,2,3,2,2,2,1,4,1,1,1,2,2,1,1,3,2,1,2,2,2,1,2,1,4,3,1
"DNA_structural_proteins,_bacterial ",6,5,4,4,4,4,4,5,2,5,2,3,3,1,5,0,4,5,1,2,1,2,1,1,5,2,4,0,1
"DNA_topoisomerases,_Type_I,_ATP-independ* ",2,2,0,0,0,3,0,2,1,2,2,1,0,0,1,2,1,1,0,2,1,2,0,1,1,1,0,0,1
Plasmid_replication ,5,2,3,3,2,3,3,3,3,2,3,3,3,3,2,2,2,3,2,2,2,3,2,1,2,3,4,5,1
Restriction-Modification_System ,0,0,1,4,1,0,0,2,0,7,0,1,0,0,0,3,1,0,3,3,1,4,0,3,3,0,0,3,4
RuvABC_plus_a_hypothetical ,1,1,1,1,1,0,1,1,1,1,1,1,1,1,1,1,1,1,1,1,1,2,1,0,1,1,1,1,0
YcfH ,0,0,1,1,1,1,1,0,1,1,0,0,0,0,1,0,0,0,0,0,1,1,0,0,1,0,1,0,0
Bacillus_biofilm_matrix_protein_componen* ,0,0,0,0,0,13,0,0,0,0,0,0,0,0,0,0,0,0,0,0,0,0,0,0,0,0,0,0,0
Spore_germination ,0,0,0,0,0,13,0,0,0,0,0,0,1,0,0,0,0,0,0,0,0,0,0,0,0,0,0,0,0
Sporulation_Cluster_III_A ,0,0,0,0,0,8,0,0,0,0,0,0,0,0,0,0,0,0,0,0,0,0,0,0,0,0,0,0,0
Sporulation_gene_orphans ,0,0,0,0,0,29,0,0,0,0,0,0,0,0,0,0,0,0,0,0,0,0,0,0,0,0,0,0,0
Carotenoids ,7,3,1,0,2,0,0,1,7,2,7,4,4,6,0,5,1,7,4,7,7,5,5,0,0,7,1,5,0
Fatty_Acid_Biosynthesis_FASII ,11,6,6,7,7,10,6,6,7,6,7,5,5,1,10,9,7,6,1,6,2,9,2,5,7,7,7,3,5
Glycerolipid_and_Glycerophospholipid_Met* ,11,9,10,10,9,10,10,10,11,10,7,6,7,2,10,5,4,10,3,10,4,5,3,5,10,8,7,6,5
Isoprenoid_Biosynthesis ,6,5,6,6,5,8,6,6,3,7,3,3,4,5,5,6,4,4,7,3,6,6,5,7,6,3,5,6,7
Polyhydroxybutyrate_metabolism ,3,4,5,6,3,3,5,3,3,2,5,4,4,0,6,0,1,3,0,4,2,0,0,1,6,3,1,1,0
Polyprenyl_Diphosphate_Biosynthesis ,0,0,0,0,0,0,0,1,0,0,0,0,0,1,0,0,0,0,2,0,1,0,1,4,0,0,0,1,4
Triacylglycerol_metabolism ,4,1,3,3,2,3,3,2,1,4,1,1,1,2,3,0,2,3,1,1,2,1,1,5,2,1,0,5,5
polyprenyl_synthesis ,1,1,1,1,1,1,1,2,2,1,3,2,2,0,1,1,2,2,0,3,0,1,0,1,1,3,1,0,1
Campylobacter_Iron_Metabolism ,3,5,3,3,1,1,3,3,2,1,4,1,1,2,3,1,1,2,2,2,2,1,2,3,4,3,1,1,2
"Heme,_hemin_uptake_and_utilization_syste* ",1,0,4,4,4,17,3,1,2,6,0,0,0,7,4,0,0,0,1,0,1,2,2,14,4,0,4,1,14
Hemin_transport_system ,1,0,1,2,1,0,3,2,4,1,2,0,0,1,2,0,1,0,0,3,0,3,0,0,1,2,2,0,0
Iron_acquisition_in_Vibrio ,2,2,4,4,3,9,4,3,2,7,3,0,1,0,4,0,2,2,0,4,0,0,0,4,4,4,3,1,3
Siderophore_Aerobactin ,0,0,0,0,0,0,0,0,3,0,4,0,0,0,0,0,0,0,0,4,0,2,5,0,0,3,0,0,0
Siderophore_Enterobactin ,0,0,0,0,0,0,0,0,0,2,0,0,0,0,0,0,0,0,0,0,0,0,0,0,0,0,0,0,0
Siderophore_Pyoverdine ,5,0,16,15,0,0,13,0,0,4,2,0,0,0,21,0,0,0,0,2,0,0,0,0,17,2,0,0,0
Transport_of_Iron ,19,6,17,18,7,4,18,5,10,21,14,2,5,0,25,2,4,7,0,18,1,5,0,1,18,18,5,0,1
ABC_transporter_alkylphosphonate_(TC_3.A* ,4,0,4,5,0,1,3,0,3,6,3,0,0,0,4,0,0,3,0,3,0,0,0,0,0,2,1,0,0
ABC_transporter_branched-chain_amino_aci* ,15,0,0,0,0,0,0,0,0,0,0,0,0,0,0,0,0,10,0,0,2,1,0,0,0,0,0,3,0
ABC_transporter_dipeptide_(TC_3.A.1.5.2) ,0,0,0,0,0,0,0,0,0,0,0,0,0,6,0,0,0,4,4,0,1,0,2,0,0,0,0,1,0
ABC_transporter_of_unknown_substrate_X ,0,0,0,0,0,0,0,0,0,0,3,0,0,0,0,0,0,0,0,0,0,0,0,0,0,0,0,0,0
ABC_transporter_oligopeptide_(TC_3.A.1.5* ,0,0,0,0,0,2,0,0,0,0,0,0,0,2,1,0,0,9,1,0,2,0,1,0,2,0,0,0,0
ABC_transporter_peptide_(TC_3.A.1.5.5) ,0,0,1,1,0,0,1,1,0,0,0,3,1,0,0,0,1,0,0,1,0,0,0,0,0,0,0,0,0
ABC_transporter_tungstate_(TC_3.A.1.6.2) ,0,0,0,0,0,0,0,0,0,0,0,0,0,0,0,0,0,0,0,1,0,0,0,0,0,1,0,0,0
Curli_production ,0,0,0,0,0,0,0,0,0,0,2,0,0,0,0,0,0,0,0,0,0,2,0,0,0,0,0,0,0
ECF_class_transporters ,0,0,0,0,0,0,0,0,0,0,0,0,0,1,0,0,0,0,1,0,1,0,1,1,0,0,0,1,1
ESAT-6_proteins_secretion_system_in_Acti* ,0,0,0,0,0,0,0,0,1,0,0,0,0,0,0,0,0,0,0,0,0,0,0,0,0,0,0,0,0
ESAT-6_proteins_secretion_system_in_Firm* ,0,0,0,0,0,7,0,0,0,0,0,0,0,0,0,0,0,0,0,0,0,0,0,1,0,0,0,0,2
Mannose-sensitive_hemagglutinin_type_4_p* ,0,5,0,1,0,0,0,4,0,0,0,0,0,0,0,0,0,0,0,0,0,0,0,0,0,0,0,0,0
Na(+)_H(+)_antiporter ,0,1,2,2,0,0,2,0,2,2,2,1,2,1,1,1,1,1,1,2,2,1,2,0,1,2,0,2,0
Sodium_Hydrogen_Antiporter ,5,8,0,0,5,0,0,5,0,5,0,2,3,4,5,0,5,5,5,5,7,0,5,15,5,5,6,5,14
Ton_and_Tol_transport_systems ,21,51,21,22,55,1,18,74,12,25,12,54,51,1,33,28,39,7,0,11,4,21,1,1,18,12,43,1,1
Transport_of_Manganese ,3,1,0,0,2,2,0,1,2,4,2,2,1,1,1,3,0,1,2,3,1,2,3,5,1,2,1,2,5
Transport_of_Nickel_and_Cobalt ,1,1,1,1,0,0,1,0,2,1,1,0,0,0,0,0,0,2,1,1,1,0,0,1,1,2,0,1,1
Transport_of_Zinc ,5,3,3,3,2,3,3,2,4,3,3,2,2,3,5,1,2,3,2,3,2,2,4,2,4,4,2,2,2
Twin-arginine_translocation_system ,1,1,1,1,1,0,1,2,1,2,1,1,1,1,1,0,1,1,1,1,1,0,1,0,1,1,1,1,0
Type_III_secretion_system_orphans ,0,0,1,1,1,0,1,0,0,1,0,0,0,0,1,0,0,0,0,0,0,0,0,0,1,0,1,0,0
Type_IV_pilus ,16,15,15,17,18,0,13,12,0,17,0,0,0,0,11,0,0,0,10,0,0,0,0,0,18,0,18,0,0
Widespread_colonization_island ,11,20,0,0,5,0,0,0,21,4,15,10,11,5,3,0,12,8,5,16,10,0,0,0,3,14,6,0,0
pVir_Plasmid_of_Campylobacter ,1,2,2,2,2,3,2,2,2,2,2,3,2,2,2,2,2,2,2,2,3,3,3,3,2,2,3,3,3
4-Hydroxyphenylacetic_acid_catabolic_pat* ,1,0,0,0,0,0,0,0,0,0,0,0,0,0,0,0,0,2,0,0,0,0,0,0,0,0,0,0,1
Aromatic_Amin_Catabolism ,3,0,1,1,0,1,1,1,1,1,1,1,1,0,1,0,0,2,1,1,2,1,0,0,0,1,0,1,0
Benzoate_degradation ,7,0,1,1,1,0,1,1,2,6,0,0,0,0,10,0,1,3,2,0,1,0,0,0,1,0,1,1,0
Benzoate_transport_and_degradation_clust* ,4,0,0,0,0,0,0,1,1,0,0,0,0,0,0,0,0,0,1,0,0,2,0,0,0,0,0,0,0
Biphenyl_Degradation ,1,0,0,0,2,0,2,2,3,1,2,0,1,0,0,2,1,9,0,2,0,2,0,0,0,3,1,5,0
Catechol_branch_of_beta-ketoadipate_path* ,5,1,0,0,0,0,0,0,0,4,0,0,0,0,3,0,0,2,1,0,1,0,0,0,0,0,0,3,0
Central_meta-cleavage_pathway_of_aromati* ,3,0,1,1,1,0,1,0,1,1,1,1,1,0,1,0,1,0,0,1,2,0,0,0,1,1,1,1,0
Gentisare_degradation ,0,0,1,1,0,0,1,1,0,1,0,0,0,0,1,0,0,0,0,0,0,0,0,0,1,0,0,1,0
Homogentisate_pathway_of_aromatic_compou* ,25,4,2,4,2,2,1,4,3,4,0,2,2,0,5,2,1,1,8,0,10,1,0,0,2,2,2,10,0
N-heterocyclic_aromatic_compound_degrada* ,1,0,0,0,0,0,0,1,0,0,0,0,0,0,0,0,0,0,0,0,0,0,0,0,0,0,0,0,0
Naphtalene_and_antracene_degradation ,0,0,0,0,0,0,0,1,0,0,0,0,0,0,0,0,0,1,0,0,0,0,0,0,0,0,0,0,0
Phenylpropanoid_compound_degradation ,10,2,3,5,3,0,6,1,1,0,1,0,0,0,0,0,1,0,1,1,1,1,0,0,2,2,1,2,0
Protocatechuate_branch_of_beta-ketoadipa* ,17,7,17,18,11,0,15,5,5,12,4,4,4,4,15,3,3,16,2,3,8,2,2,1,16,8,2,7,0
Quinate_degradation ,3,1,3,3,4,2,3,1,2,3,1,1,1,1,4,1,1,2,1,1,1,1,1,1,3,1,1,1,1
Salicylate_and_gentisate_catabolism ,14,6,4,9,2,2,4,5,6,3,4,2,3,1,8,3,4,10,0,6,6,2,1,1,6,4,2,4,1
n-Phenylalkanoic_acid_degradation ,0,0,1,1,0,1,1,0,0,1,0,0,0,0,1,0,0,0,0,0,0,0,0,0,1,0,0,0,0
p-Hydroxybenzoate_degradation ,1,0,1,1,0,0,1,0,0,1,0,0,0,0,1,0,0,1,0,0,1,0,0,0,1,0,0,0,0
Conserved_gene_cluster_possibly_involved* ,2,1,1,1,1,1,1,1,1,1,1,1,1,1,1,1,1,1,1,1,1,1,1,1,1,1,1,1,1
Muconate_lactonizing_enzyme_family ,0,1,0,0,1,2,0,0,1,0,1,0,0,0,0,2,0,0,0,1,0,1,0,0,0,1,1,0,0
Synechocystis_experimental ,0,4,2,2,1,0,2,2,0,0,0,0,1,0,1,0,1,0,0,0,1,2,0,0,2,0,2,0,0
YaaA ,1,1,1,1,0,0,1,1,0,1,0,1,1,1,1,0,1,0,1,0,1,1,1,0,1,0,0,1,0
YbbK ,1,1,1,1,1,1,1,1,1,1,0,0,0,1,1,0,1,0,1,0,0,0,0,1,0,0,1,1,1
ZZ_gjo_need_homes ,10,7,7,9,4,6,6,6,9,8,10,4,6,5,12,6,5,13,7,12,6,7,3,5,13,12,4,9,5
Bacterial_Chemotaxis ,15,42,25,27,14,9,25,34,23,34,18,14,23,0,17,5,11,30,9,24,8,2,3,0,15,24,14,0,0
Flagellar_motility ,0,5,3,3,0,1,3,1,0,3,0,1,0,0,2,1,1,0,3,0,0,0,0,1,2,0,0,0,1
Flagellum ,29,47,31,33,29,19,31,29,28,32,50,22,26,1,35,0,25,16,20,49,20,0,15,0,31,28,30,0,0
Flagellum_in_Campylobacter ,3,9,4,4,3,5,4,6,4,4,7,4,5,0,4,0,8,4,4,7,4,0,4,0,4,3,4,0,0
Rhamnolipids_in_Pseudomonas ,0,0,2,2,0,0,2,0,1,1,0,0,0,0,2,0,0,0,0,0,0,0,0,0,2,2,0,0,0
Allantoin_Utilization ,0,0,1,1,0,0,1,0,3,0,1,0,0,1,1,0,0,1,1,1,2,0,1,0,1,1,0,3,0
Ammonia_assimilation ,5,3,3,3,3,1,3,4,4,5,3,3,3,1,4,1,3,3,2,3,1,1,1,0,3,3,3,3,0
Cyanate_hydrolysis ,5,1,0,0,0,1,0,4,1,0,1,0,0,0,2,0,0,0,1,4,0,0,0,0,2,5,0,1,0
Denitrification ,1,0,1,1,0,3,2,2,1,0,1,0,0,0,0,0,0,0,0,1,0,0,0,2,0,0,0,0,2
Dissimilatory_nitrite_reductase ,1,1,1,1,0,1,1,2,0,1,0,2,2,1,1,2,0,0,0,0,0,0,0,2,1,0,0,0,2
Nitrate_and_nitrite_ammonification ,5,6,3,3,0,7,3,8,4,10,6,3,1,2,3,0,0,5,2,6,2,0,0,6,3,6,0,5,6
Nitric_oxide_synthase ,1,0,0,1,0,2,0,0,3,0,2,0,1,0,0,0,0,1,1,2,6,0,0,1,0,1,0,6,1
Nitrosative_stress ,0,0,0,0,0,1,0,0,0,0,0,0,0,0,0,0,0,1,0,1,0,0,0,0,0,1,0,0,0
Adenosyl_nucleosidases ,0,0,0,0,0,2,0,0,0,0,0,0,0,0,0,0,0,0,0,0,0,0,0,0,0,0,0,0,0
De_Novo_Purine_Biosynthesis ,7,6,6,7,6,9,6,6,9,6,9,9,9,9,6,6,9,10,9,9,9,6,9,9,6,9,6,9,9
De_Novo_Pyrimidine_Synthesis ,12,9,9,9,7,8,9,9,11,9,8,7,7,8,10,9,7,8,8,8,8,5,8,8,9,9,7,8,10
Hydantoin_metabolism ,8,1,2,2,0,0,1,2,6,3,6,2,1,3,6,0,0,30,5,4,3,0,1,0,3,2,0,6,0
Nudix_proteins_(nucleoside_triphosphate_* ,4,4,5,5,6,3,5,5,7,6,5,4,4,5,6,4,4,4,3,5,4,0,3,3,6,6,6,4,4
Purine_Utilization ,12,8,11,11,2,4,11,6,8,8,10,4,8,7,15,5,0,9,9,10,8,0,5,1,14,7,4,8,1
Purine_conversions ,10,9,8,8,5,13,8,9,5,8,6,6,6,14,7,8,5,8,12,6,9,10,7,9,7,6,4,6,9
Pyrimidine_utilization ,9,0,1,1,0,1,1,3,3,1,4,0,0,5,5,0,0,9,5,4,1,0,0,1,3,6,1,1,1
Ribonucleotide_reduction ,3,3,3,3,6,9,3,4,2,3,2,3,3,4,4,2,4,4,4,2,2,2,4,6,3,2,5,4,6
Xanthosine_utilization_(xap_region) ,0,1,0,0,0,0,0,0,0,0,0,0,0,0,0,1,0,0,0,0,0,0,0,0,0,0,0,0,0
Phage_capsid_proteins ,1,1,0,0,0,0,0,0,0,0,0,0,0,0,0,0,0,1,0,1,0,0,0,2,0,0,0,0,3
"Conjugative_transposon,_Bacteroidales ",0,0,0,0,0,0,0,0,0,0,0,0,0,0,0,15,0,0,0,0,0,15,0,0,0,0,0,0,0
Integrons ,1,0,0,0,0,0,0,2,0,0,0,0,0,0,0,0,0,0,0,0,0,0,0,0,0,0,0,0,0
Listeria_Pathogenicity_Island_LIPI-1_ext* ,0,0,0,0,0,4,0,1,0,0,0,0,0,0,0,0,0,0,0,0,0,2,0,0,0,0,0,0,0
Listeria_phi-A118-like_prophages ,0,0,0,0,0,2,0,0,0,0,0,0,0,0,0,0,0,0,0,0,0,1,0,0,0,0,0,0,0
Staphylococcal_pathogenicity_islands_SaPI ,5,1,2,2,2,5,2,1,3,3,1,2,1,4,5,1,2,4,3,2,2,2,3,11,4,4,2,1,10
Staphylococcal_phi-Mu50B-like_prophages ,0,0,0,0,1,1,0,0,1,0,1,1,1,1,0,0,1,1,1,1,1,1,1,1,0,1,1,1,5
Tn552 ,0,0,0,0,0,0,0,0,0,0,1,0,0,1,0,0,0,0,0,1,0,0,0,2,0,0,0,0,2
Alkylphosphonate_utilization ,3,0,0,0,3,4,0,5,2,0,1,1,1,2,2,4,2,2,2,2,2,2,1,1,0,2,3,2,1
Phosphate_metabolism ,22,20,20,17,16,14,18,23,16,16,19,20,23,13,15,17,13,38,17,24,14,13,12,10,17,40,16,16,12
Phosphonate_metabolism ,2,0,2,2,0,3,5,0,0,3,0,0,0,0,4,0,1,2,0,0,0,1,0,0,3,3,0,0,0
Photosystem_II-type_photosynthetic_react* ,6,0,0,0,0,0,0,0,7,0,7,0,0,0,0,0,0,4,0,7,0,0,0,0,0,7,0,0,0
Glutathione-regulated_potassium-efflux_s* ,1,0,0,0,0,0,0,1,0,0,0,0,0,0,0,0,0,0,0,0,0,0,0,0,0,0,0,1,0
Potassium_homeostasis ,12,10,8,8,9,9,7,8,9,4,13,10,9,5,9,12,8,8,8,8,6,9,5,1,9,9,10,7,1
"Glycine_reductase,_sarcosine_reductase_a* ",1,1,3,3,3,5,3,1,1,3,1,1,1,2,4,3,1,1,3,1,2,4,1,6,4,1,2,3,5
N-linked_Glycosylation_in_Bacteria ,1,2,0,0,0,5,0,1,1,1,0,0,2,0,0,5,0,3,1,1,0,5,5,0,1,0,1,0,0
Peptidyl-prolyl_cis-trans_isomerase ,3,3,8,8,1,3,8,4,2,7,2,3,2,0,7,1,2,1,0,2,0,1,0,1,7,2,1,0,1
Periplasmic_disulfide_interchange ,5,5,5,5,7,0,5,6,4,4,6,4,4,1,7,4,5,4,0,5,0,1,0,0,7,4,7,1,0
Programmed_frameshift ,1,1,1,1,1,1,1,1,1,1,2,1,1,1,1,1,1,1,1,1,1,1,1,1,1,1,2,1,1
Proteasome_bacterial ,4,4,6,6,4,5,6,4,4,6,4,4,4,2,6,2,4,4,3,5,3,2,2,2,6,4,4,4,2
Protein_chaperones ,4,4,4,4,2,0,4,5,3,3,2,1,1,0,5,3,0,2,0,2,0,2,0,0,5,2,2,1,0
Protein_degradation ,2,5,3,3,4,3,3,4,2,3,2,3,2,1,3,1,3,1,3,2,2,4,1,2,4,2,4,1,2
Protein_secretion_by_ABC-type_exporters ,0,0,0,0,0,0,0,0,0,0,0,0,2,0,2,0,0,0,0,0,0,0,0,0,2,1,0,0,0
"Proteolysis_in_bacteria,_ATP-dependent ",3,3,3,3,2,1,3,3,2,3,2,2,2,2,3,1,2,2,3,2,2,1,2,1,3,2,2,2,1
Putative_TldE-TldD_proteolytic_complex ,0,4,0,0,3,0,0,0,0,2,0,0,0,0,2,3,0,0,0,0,2,0,0,0,2,0,3,2,0
Ribosomal_protein_S12p_Asp_methylthiotra* ,1,1,1,1,1,0,1,1,1,1,1,1,1,0,1,1,0,0,1,1,1,1,0,0,1,1,1,0,0
Ribosome_LSU_bacterial ,31,30,31,31,31,31,31,31,31,34,31,31,31,32,31,30,31,31,34,31,35,30,34,34,29,31,33,35,34
Ribosome_SSU_bacterial ,22,21,21,22,21,21,21,21,21,21,21,22,21,20,21,21,21,21,20,21,23,21,20,22,21,21,22,22,22
Ribosome_activity_modulation ,0,0,2,2,0,0,2,0,0,2,0,0,0,0,0,0,0,0,0,0,0,1,0,0,1,0,0,0,0
Ribosome_biogenesis_bacterial ,3,4,4,4,3,7,4,3,3,4,3,3,3,4,4,3,4,3,4,3,3,3,5,6,4,3,3,3,6
Selenocysteine_metabolism ,4,4,0,0,0,0,0,2,3,2,0,0,0,0,2,0,0,2,3,0,3,0,0,0,4,0,0,0,0
Translation_elongation_factor_G_family ,1,1,1,1,2,2,1,2,1,1,1,1,1,1,1,1,1,1,1,1,1,2,1,1,1,1,2,1,1
Translation_elongation_factors_eukaryoti* ,1,1,1,1,1,1,1,1,1,1,1,1,1,1,1,2,1,1,1,1,1,1,1,1,1,1,1,1,1
Translation_initiation_factors_eukaryoti* ,1,1,1,1,0,0,1,1,0,1,0,0,0,0,1,1,0,0,0,0,0,1,0,0,1,0,0,0,0
Universal_GTPases ,10,11,9,9,10,10,9,14,12,9,10,9,10,7,8,8,10,10,8,10,8,10,7,9,10,11,10,8,9
"tRNA_aminoacylation,_Asp_and_Asn ",4,4,4,5,2,6,5,4,4,4,4,4,4,5,4,5,4,14,6,5,5,2,4,5,4,5,2,5,5
"tRNA_aminoacylation,_Glu_and_Gln ",2,2,2,2,2,1,2,2,2,2,2,2,2,1,2,2,2,2,1,2,1,2,1,1,2,2,2,1,1
"ATP-dependent_RNA_helicases,_bacterial ",4,4,4,4,2,3,4,4,2,4,2,2,2,0,4,2,2,3,0,2,0,2,0,0,4,2,2,0,0
Polyadenylation_bacterial ,2,2,2,2,2,1,2,2,1,2,1,1,1,1,3,1,1,1,1,1,1,1,1,1,2,1,2,1,1
Queuosine-Archaeosine_Biosynthesis ,23,12,12,12,12,25,12,23,12,15,8,6,5,9,23,11,9,12,8,9,7,8,4,4,15,8,11,8,4
RNA_3'-terminal_phosphate_cyclase ,2,0,0,0,2,0,0,0,0,0,0,0,0,1,0,0,0,0,1,0,1,0,0,0,2,0,0,1,0
RNA_polymerase_bacterial ,4,4,4,4,4,5,4,4,4,4,4,4,4,4,4,4,4,4,4,4,4,4,4,5,4,4,6,4,5
"RNA_processing_and_degradation,_bacterial ",4,4,4,4,3,3,4,4,2,4,2,2,2,3,5,2,2,2,2,2,3,2,2,2,4,2,3,4,2
Ribonuclease_H ,1,1,1,1,1,1,2,1,2,1,1,1,2,1,1,1,1,1,1,1,1,1,1,1,1,2,1,2,1
Rrf2_family_transcriptional_regulators ,3,3,2,2,2,3,2,2,0,2,0,1,2,0,2,1,2,3,0,0,1,2,0,2,1,2,2,0,2
Transcription_factors_bacterial ,9,8,10,10,8,7,10,8,9,9,12,9,9,7,9,7,8,7,6,10,7,6,7,7,10,9,9,7,7
"Transcription_initiation,_bacterial_sigm* ",10,10,12,13,11,10,12,12,6,12,8,5,5,3,13,3,7,5,5,7,5,4,6,2,9,7,11,4,3
Wyeosine-MimG_Biosynthesis ,1,1,1,1,0,0,1,1,0,1,0,0,0,0,1,1,0,0,0,0,0,0,0,0,1,0,0,0,0
tRNA_processing ,7,7,8,8,7,6,8,6,9,8,10,8,8,8,7,9,7,9,8,9,7,7,7,5,8,8,7,7,5
tRNA_splicing ,1,0,0,0,0,0,0,0,0,0,0,0,0,0,0,0,0,0,0,0,0,1,0,0,0,1,0,0,0
Autoinducer_2_(AI-2)_transport_and_proce* ,0,0,0,0,0,2,0,0,0,0,0,0,0,0,0,0,0,0,0,0,0,0,0,0,0,0,0,0,0
Biofilm_formation_in_Staphylococcus ,0,0,0,0,0,0,0,0,0,0,0,0,0,0,0,0,0,0,0,0,0,0,0,4,0,0,0,0,3
CytR_regulation ,0,0,1,1,1,0,1,0,0,1,0,0,0,0,1,0,0,0,0,0,0,0,0,0,1,0,1,0,0
"DNA-binding_regulatory_proteins,_strays ",4,1,6,6,1,1,6,2,0,4,0,0,0,0,8,0,0,0,0,0,0,0,0,0,6,0,1,0,0
MazEF_toxin-antitoxing_(programmed_cell_* ,0,0,0,0,0,2,0,0,0,0,0,0,0,0,0,0,0,0,1,0,0,0,0,2,1,0,0,0,2
Murein_hydrolase_regulation_and_cell_dea* ,2,4,2,2,0,13,2,3,3,2,3,1,1,1,2,1,0,2,3,3,1,2,1,5,2,3,0,2,5
Orphan_regulatory_proteins ,6,6,1,1,1,1,3,2,2,6,3,1,4,0,9,0,3,1,0,5,0,0,0,0,5,2,1,0,0
Oxygen_and_light_sensor_PpaA-PpsR ,3,4,1,1,0,0,1,0,5,1,5,1,1,0,2,1,1,4,1,8,1,1,0,0,1,4,1,0,0
Sex_pheromones_in_Enterococcus_faecalis_* ,2,2,1,1,1,4,1,2,1,2,2,2,2,2,2,3,1,5,2,1,2,2,4,4,1,2,1,3,4
"Stringent_Response,_(p)ppGpp_metabolism ",0,1,0,0,0,0,0,0,1,0,1,0,0,0,0,0,0,0,0,1,0,1,0,0,1,0,0,0,0
Two-component_regulatory_systems_in_Camp* ,0,0,0,0,0,0,0,0,0,0,0,0,0,0,0,0,0,0,0,0,0,1,0,0,0,0,0,0,0
cAMP_signaling_in_bacteria ,18,7,8,10,3,6,8,7,25,10,19,14,14,5,7,12,4,11,3,26,4,17,3,2,8,17,4,9,2
Anaerobic_respiratory_reductases ,12,5,6,10,2,0,7,6,10,6,9,4,3,2,5,2,3,9,4,10,7,1,3,0,6,13,3,14,0
Biogenesis_of_c-type_cytochromes ,9,3,6,6,6,4,6,7,7,6,6,5,6,2,6,4,6,6,2,6,2,1,3,0,6,6,6,2,0
Biogenesis_of_cbb3-type_cytochrome_c_oxi* ,0,0,5,5,1,0,5,3,0,4,0,0,0,0,5,0,0,3,0,0,0,5,0,0,5,0,1,0,0
Biogenesis_of_cytochrome_c_oxidases ,5,4,5,5,5,1,5,6,5,2,5,5,6,3,5,1,5,4,3,5,1,0,3,1,5,6,5,1,1
CO_Dehydrogenase ,2,0,0,0,0,0,0,0,3,0,2,0,0,0,0,0,0,4,0,1,4,0,0,0,0,1,0,0,0
F0F1-type_ATP_synthase ,6,7,6,6,6,10,6,6,6,6,6,6,6,5,6,6,6,6,7,6,5,5,5,6,6,6,7,5,6
Formate_dehydrogenase ,4,4,0,0,0,0,0,0,4,0,0,0,0,0,0,0,0,3,3,0,5,0,0,0,4,0,0,0,0
Formate_hydrogenase ,5,5,2,2,0,1,2,2,10,2,11,1,2,1,2,0,0,11,1,11,1,0,1,1,3,12,0,3,0
"Membrane-bound_Ni,_Fe-hydrogenase ",0,0,0,0,0,0,0,2,0,0,0,0,0,0,0,0,0,0,0,0,0,0,0,0,0,0,0,0,0
Na(+)-translocating_NADH-quinone_oxidore* ,0,0,4,4,1,0,5,1,0,7,0,0,0,0,2,0,0,0,0,0,0,0,0,0,6,0,1,0,0
Respiratory_Complex_I ,14,14,12,12,14,11,12,14,15,12,15,16,15,0,12,14,15,15,0,15,14,14,0,2,12,15,14,15,2
Respiratory_dehydrogenases_1 ,0,0,0,0,1,0,0,2,6,0,6,2,3,2,0,4,0,1,2,5,0,0,2,0,0,7,2,1,0
Soluble_cytochromes_and_functionally_rel* ,20,12,4,4,5,4,4,12,11,5,10,7,6,2,7,10,2,11,1,9,2,3,1,1,6,9,5,1,1
Succinate_dehydrogenase ,4,4,4,4,4,3,4,4,4,4,5,4,4,5,4,3,4,6,4,5,3,6,6,3,4,4,4,4,3
Terminal_cytochrome_C_oxidases ,7,6,3,3,3,4,3,9,10,0,7,4,5,5,5,5,6,7,5,7,5,0,5,0,3,8,5,6,0
Terminal_cytochrome_oxidases ,7,6,2,2,12,8,2,4,10,7,6,8,6,2,6,2,4,5,2,8,2,2,2,4,12,15,8,2,2
Ubiquinone_Menaquinone-cytochrome_c_redu* ,1,1,1,1,1,3,1,1,1,1,1,1,1,1,1,0,1,1,2,1,1,0,1,1,1,1,1,1,1
trimethylamine_N-oxide_(TMAO)_reductase ,0,0,0,0,0,0,0,0,0,0,0,0,0,0,1,0,0,0,0,0,0,0,0,0,0,0,0,0,0
2-isocapryloyl-3R-hydroxymethyl-gamma-bu* ,0,0,0,0,0,0,0,0,0,0,0,0,0,0,0,0,0,0,1,0,1,0,0,0,0,0,0,0,0
Alkaloid_biosynthesis_from_L-lysine ,0,0,0,0,0,0,0,0,1,0,1,1,1,0,0,1,1,0,0,1,0,1,0,0,0,1,0,0,0
Apigenin_derivatives ,0,0,0,0,0,0,0,0,1,0,1,0,1,0,0,1,0,0,1,1,1,0,1,0,0,0,0,0,0
Auxin_biosynthesis ,4,4,5,5,4,4,5,5,4,5,4,4,4,4,4,4,4,4,6,4,6,4,4,4,4,4,4,4,4
Biflavanoid_biosynthesis ,6,3,3,3,6,4,2,4,4,2,7,3,4,4,3,4,4,4,7,4,4,3,3,0,1,9,8,2,0
Caffeic_acid_derivatives ,0,0,0,0,0,0,0,0,0,0,0,0,0,0,0,0,0,0,0,0,2,0,0,0,0,0,0,1,0
Cinnamic_Acid_Degradation ,0,0,0,0,0,0,0,0,1,0,0,0,0,0,0,0,0,0,0,0,1,0,0,0,0,1,0,0,0
Clavulanic_acid_biosynthesis ,0,0,0,0,0,0,0,0,0,0,0,0,0,1,0,0,0,0,0,0,0,0,0,0,0,0,0,0,0
Phenylpropionate_Degradation ,0,0,0,0,0,0,0,0,0,1,0,0,0,0,1,0,0,0,1,0,0,0,0,0,0,0,0,1,0
Steroid_sulfates ,1,0,2,2,2,0,2,0,0,1,0,0,0,0,1,2,0,0,0,0,0,0,0,0,4,2,0,0,0
Tannin_biosynthesis ,0,0,0,0,0,0,0,0,0,0,0,0,0,0,0,0,0,0,0,0,0,1,0,0,0,0,0,0,0
Acid_resistance_mechanisms ,0,0,0,0,0,0,0,0,0,0,0,0,0,0,0,0,0,0,0,0,0,0,0,0,0,0,0,1,0
Bacterial_hemoglobins ,14,45,19,22,6,1,19,46,13,11,20,12,17,3,6,2,3,22,23,22,24,0,2,1,1,11,8,16,1
Betaine_biosynthesis_from_glycine ,0,0,0,0,0,0,0,0,0,0,0,0,0,0,1,0,0,0,0,0,0,0,0,0,0,0,0,0,0
Choline_and_Betaine_Uptake_and_Betaine_B* ,0,1,10,10,4,10,10,0,0,16,1,0,0,4,17,0,1,11,8,1,1,3,5,8,11,5,5,2,9
Dimethylarginine_metabolism ,0,0,0,0,0,2,0,0,0,0,0,0,0,2,0,0,0,1,1,0,0,2,1,1,0,0,0,0,1
Ectoine_biosynthesis_and_regulation ,1,0,0,0,0,0,0,0,0,0,0,0,0,0,0,0,0,0,0,0,0,0,0,0,0,0,0,2,0
Flavohaemoglobin ,0,0,0,0,0,1,0,0,0,1,0,0,0,2,0,0,0,0,1,0,1,0,1,0,0,0,0,2,0
Glutaredoxins ,3,3,3,3,4,1,3,3,3,3,3,3,3,3,3,1,3,3,2,3,1,1,2,2,3,3,4,4,2
Glutathione-dependent_pathway_of_formald* ,2,3,3,3,2,0,3,2,2,3,2,2,2,0,3,0,2,2,0,2,0,0,0,0,3,2,2,0,0
Glutathione:_Biosynthesis_and_gamma-glut* ,3,2,1,1,1,0,1,2,1,1,1,1,1,0,1,0,1,1,0,1,1,0,0,0,1,1,1,1,0
Glutathione:_Non-redox_reactions ,24,12,16,16,17,3,16,21,25,13,15,15,13,1,18,0,15,23,1,14,3,2,1,0,15,16,10,4,0
Glutathione:_Redox_cycle ,3,2,4,4,4,1,4,1,3,4,3,2,2,1,4,2,2,2,1,3,1,1,1,1,4,3,4,2,1
Glutathione_analogs:_mycothiol ,0,0,0,0,0,0,0,0,0,0,0,0,0,6,0,0,0,0,6,0,7,0,4,0,0,0,0,6,0
Glutathionylspermidine_and_Trypanothione ,0,0,0,0,0,1,1,0,0,0,0,0,0,1,0,0,0,0,0,0,0,1,0,0,0,0,0,0,0
Heat_shock_dnaK_gene_cluster_extended ,10,11,7,7,8,8,7,10,7,7,8,7,7,8,7,6,8,8,8,8,7,6,9,8,7,7,8,9,8
Hfl_operon ,4,3,3,3,4,2,3,4,3,3,3,2,2,0,3,0,1,4,0,3,0,0,0,1,3,3,4,0,1
Oxidative_stress ,17,12,10,10,10,6,10,11,8,11,7,3,4,5,13,5,3,3,10,8,7,14,6,4,18,9,7,9,4
Redox-dependent_regulation_of_nucleus_pr* ,2,1,1,1,1,2,1,0,1,1,0,1,1,1,1,1,1,3,1,0,1,1,1,1,2,0,1,2,1
Rubrerythrin ,1,1,3,4,1,0,3,1,1,2,1,0,0,0,2,0,0,0,0,1,0,0,0,0,2,0,1,0,0
SigmaB_stress_responce_regulation ,4,3,5,5,3,2,5,4,2,6,2,0,0,4,2,0,0,2,11,1,6,1,4,2,5,3,4,3,2
Universal_stress_protein_family ,2,0,3,3,2,2,3,1,0,3,1,0,0,1,3,0,0,0,1,1,3,1,0,2,4,0,1,3,2
Alkanesulfonate_assimilation ,2,0,5,5,0,0,2,1,0,1,0,0,0,0,3,0,0,0,0,0,0,0,0,0,1,0,0,1,0
Alkanesulfonates_Utilization ,4,1,4,4,0,0,3,0,2,1,2,0,0,1,1,0,0,4,1,2,0,0,1,0,1,3,0,2,0
Sulfur_oxidation ,0,0,0,0,0,2,0,3,1,0,4,0,0,1,0,1,0,1,1,3,1,0,2,0,0,2,0,1,0
Taurine_Utilization ,1,1,2,2,0,0,2,2,0,2,0,0,0,0,2,0,0,4,0,0,0,0,0,0,2,0,0,1,0
Thioredoxin-disulfide_reductase ,10,9,9,8,7,8,9,10,6,9,4,9,7,6,8,8,7,8,6,4,8,8,5,8,8,6,5,6,8
Utilization_of_glutathione_as_a_sulphur_* ,3,2,3,3,2,0,2,2,4,2,4,1,1,2,4,2,2,10,3,4,1,1,1,0,2,2,2,2,0
Type_4_secretion_and_conjugative_transfer ,2,0,0,0,0,0,0,0,0,9,0,1,0,0,0,0,0,0,0,0,0,0,0,0,0,0,4,0,0
Adhesins_in_Staphylococcus ,1,0,0,0,0,0,0,0,0,0,0,0,0,0,0,0,0,0,0,0,0,0,0,12,0,0,0,0,13
Adhesion_of_Campylobacter ,0,0,0,0,0,1,0,0,0,0,0,0,0,0,0,0,0,0,0,0,0,0,0,1,0,0,0,0,1
Aminoglycoside_adenylyltransferases ,0,0,0,0,0,0,0,0,0,0,0,0,0,0,0,0,0,0,0,0,0,0,0,0,0,0,0,0,1
Arsenic_resistance ,4,2,2,3,3,2,5,1,5,2,4,5,3,2,2,2,0,3,3,1,2,4,1,3,5,9,3,4,1
Beta-lactamase ,1,1,0,0,2,1,1,1,2,0,2,1,2,1,2,2,1,1,0,2,1,3,2,0,1,3,1,1,0
Cholera_toxin ,0,0,0,2,0,0,0,0,0,0,0,0,0,0,0,0,0,0,0,0,0,0,0,0,0,0,0,0,0
Cobalt-zinc-cadmium_resistance ,19,5,8,8,4,24,11,18,6,10,6,2,6,6,15,6,2,11,9,3,6,9,9,6,10,8,3,7,6
Copper_homeostasis ,20,5,8,8,8,3,8,12,7,8,6,7,7,2,11,4,2,8,4,8,1,2,2,1,10,7,5,6,0
Copper_homeostasis:_copper_tolerance ,0,0,0,0,2,1,0,0,1,0,1,1,1,0,0,1,0,0,1,1,1,1,0,0,0,1,2,0,0
Cytolysin_and_Lipase_operon_in_Vibrio ,0,0,1,1,0,0,1,0,0,1,0,0,0,0,1,0,0,0,0,0,0,0,0,1,2,0,0,0,1
Fosfomycin_resistance ,0,0,0,0,0,1,0,0,0,0,0,0,0,0,1,0,0,0,0,0,0,0,0,0,1,0,0,0,0
Listeria_surface_proteins:_Internalin-li* ,1,0,1,0,1,2,0,0,0,0,0,1,0,1,0,2,0,0,0,0,0,21,0,0,0,0,1,0,0
MLST ,1,1,1,1,1,1,1,1,1,1,1,1,1,1,1,1,1,1,1,1,1,1,1,1,1,1,1,1,1
Mercuric_reductase ,0,0,0,0,0,0,0,0,0,0,0,1,0,1,0,1,0,3,1,0,1,0,1,1,0,0,0,1,0
Mercury_resistance_operon ,0,0,0,0,0,0,0,1,0,0,0,0,0,0,0,0,0,1,0,0,0,0,0,1,0,0,0,0,0
Methicillin_resistance_in_Staphylococci ,0,0,0,0,0,6,0,0,0,0,0,0,0,1,0,0,0,1,1,0,2,0,1,8,0,0,0,2,12
"Multidrug_Resistance,_2-protein_version_* ",0,0,0,0,0,3,0,0,0,0,0,0,0,0,0,0,0,0,0,0,0,0,0,3,0,0,0,0,3
"Multidrug_Resistance,_Tripartite_Systems* ",0,0,0,0,0,0,0,0,0,0,0,1,0,0,0,1,0,0,0,0,0,2,0,0,1,0,0,0,0
Multidrug_Resistance_Efflux_Pumps ,6,3,3,3,4,4,3,5,0,6,0,2,1,1,6,0,1,0,2,2,1,4,0,1,3,1,4,1,1
Multidrug_efflux_pump_in_Campylobacter_j* ,0,1,0,0,0,0,0,1,1,0,0,1,1,0,0,0,0,1,0,0,0,0,0,0,0,0,0,0,0
Resistance_to_Vancomycin ,0,0,0,0,0,0,0,0,0,0,0,0,0,0,0,0,0,0,1,0,0,0,0,0,0,0,0,0,0
Resistance_to_fluoroquinolones ,2,2,2,2,2,2,2,2,3,2,3,2,2,2,2,2,2,2,2,3,2,2,2,2,2,3,2,2,2
Streptococcus_pyogenes_Virulome ,0,0,0,0,0,0,0,0,1,0,0,0,0,0,0,0,0,0,0,0,0,0,0,0,0,0,0,0,0
Streptococcus_pyogenes_recombinatorial_z* ,2,2,1,1,2,7,1,2,1,1,1,2,2,3,2,2,2,1,3,1,2,1,4,3,1,1,2,2,3
Streptothricin_resistance ,0,0,0,0,0,0,0,0,0,0,0,0,0,0,1,0,0,0,0,0,0,0,0,0,1,0,0,0,0
Zinc_resistance ,0,0,0,0,0,0,0,2,0,0,0,0,0,0,0,0,0,0,0,0,0,0,0,0,0,0,1,0,0